{
    "URG101_003": {
        "beta": {
            "a": 0.9963865319265526,
            "b": 7.549140779895584,
            "loc": -5.8548793004373246e-30,
            "scale": 22.24393218386804
        }
    },
    "DIV101_603": {
        "beta": {
            "a": 0.3616704354973971,
            "b": 165.16296501053603,
            "loc": -7.412371308927781e-26,
            "scale": 6922.807468149733
        }
    },
    "DIV101_604": {
        "beta": {
            "a": 0.45703588480386004,
            "b": 648.4486740488123,
            "loc": -8.513612931753873e-29,
            "scale": 35054.048864844575
        }
    },
    "DIV101_703": {
        "beta": {
            "a": 0.5703786223184792,
            "b": 110.83109431271232,
            "loc": -1.462673655225481e-28,
            "scale": 437.32033985936954
        }
    },
    "DIV102_203": {
        "beta": {
            "a": 0.24377071043553353,
            "b": 285.52176298361917,
            "loc": -1.187635564202615e-26,
            "scale": 5018.705281761797
        }
    },
    "DIV103_107": {
        "beta": {
            "a": 0.39836402842306595,
            "b": 206.40113822847783,
            "loc": -1.5712666431312037e-28,
            "scale": 10158.914732260619
        }
    },
    "DIV103_204": {
        "beta": {
            "a": 0.4888117957179907,
            "b": 109.8607935613231,
            "loc": -1.5936649681747108e-28,
            "scale": 5313.91647884571
        }
    },
    "DIV104_602": {
        "beta": {
            "a": 0.15192779271070977,
            "b": 194.10258963560304,
            "loc": -5.156397043984947e-29,
            "scale": 8814.947865303959
        }
    },
    "OPR101_011": {
        "beta": {
            "a": 0.5808873886057251,
            "b": 7.314059974137125,
            "loc": 0.016666666666666663,
            "scale": 9.742438706572912
        }
    },
    "OPR101_033": {
        "beta": {
            "a": 0.05736478890742883,
            "b": 3.4350433415802044,
            "loc": 0.016666666666666663,
            "scale": 6.4423590423078325
        }
    },
    "OPR102_001": {
        "beta": {
            "a": 0.9588287571379162,
            "b": 4.145262526109068,
            "loc": 0.4499999987184291,
            "scale": 7.6309924849021815
        }
    },
    "OPR102_003": {
        "lognorm": {
            "s": 0.2904728151128274,
            "loc": -2.2507735933696127,
            "scale": 4.3770553314569565
        }
    },
    "End": null
}