{
    "llegadas_diarias": {
        "norm": {
            "loc": 13.85121107266436,
            "scale": 5.176449000442251
        }
    },
    "estadias_opr": {
        "beta": {
            "a": 1265.4156320068273,
            "b": 74.00387217861415,
            "loc": -79.52743040886412,
            "scale": 86.75151955057292
        }
    },
    "tiempo_entre_llegadas": {
        "lognorm": {
            "loc": -0.1631080499945431,
            "s": 1.1325392177517544,
            "scale": 3.01277091110916
        }
    },
    "estadias_urg":{
        "lognorm": {
            "s": 0.5249542517054617,
            "loc": 2.680749774480798,
            "scale": 2.6598741735883324}
        },
    "estadias_div":{
        "beta": {
            "a": 4.9161197693766,
            "b": 11302195912564.662,
            "loc": -12.149926943602857,
            "scale": 123986904024393.4}
        }

}