{
    "tiempo_entre_llegadas": {
        "expon": {
            "loc": 0,
            "scale": 5.058066429418743
        }
    },
    "estadias_urg": {
        "expon": {
            "loc": 0,
            "scale": 2.6080282227307396
        }
    },
    "estadias_div": {
        "expon": {
            "loc": 0.016666666666666666,
            "scale": 19.637412587412584
        }
    }
}