,DIV,URG,LLEGADAS
expon,"(0.016666666666666666, 19.637412587412584)","(0.0, 2.6080282227307396)","(0.0, 5.058066429418743)"
