{"URG101_003":{"URG101_003":0.0,"DIV101_603":0.0,"DIV101_604":0.0,"DIV101_703":0.9908466819,"DIV102_203":0.0011441648,"DIV103_107":0.0,"DIV103_204":0.0,"DIV104_602":0.0011441648,"OPR101_011":0.0,"OPR101_033":0.0,"OPR102_001":0.0,"OPR102_003":0.0011441648,"End":0.0011441648,"Outside":0.004576659},"DIV101_603":{"URG101_003":0.0,"DIV101_603":0.0,"DIV101_604":0.0,"DIV101_703":0.0,"DIV102_203":0.0166666667,"DIV103_107":0.0166666667,"DIV103_204":0.0,"DIV104_602":0.0,"OPR101_011":0.0,"OPR101_033":0.0,"OPR102_001":0.0,"OPR102_003":0.0,"End":0.8,"Outside":0.1666666667},"DIV101_604":{"URG101_003":0.0,"DIV101_603":0.0,"DIV101_604":0.0,"DIV101_703":0.0,"DIV102_203":0.0,"DIV103_107":0.0,"DIV103_204":0.0,"DIV104_602":0.0,"OPR101_011":0.0,"OPR101_033":0.0,"OPR102_001":0.0,"OPR102_003":0.0,"End":0.7846153846,"Outside":0.2153846154},"DIV101_703":{"URG101_003":0.0,"DIV101_603":0.051627385,"DIV101_604":0.0606060606,"DIV101_703":0.0,"DIV102_203":0.0404040404,"DIV103_107":0.0505050505,"DIV103_204":0.1111111111,"DIV104_602":0.0718294052,"OPR101_011":0.0,"OPR101_033":0.0011223345,"OPR102_001":0.0011223345,"OPR102_003":0.0303030303,"End":0.2345679012,"Outside":0.3468013468},"DIV102_203":{"URG101_003":0.0,"DIV101_603":0.014084507,"DIV101_604":0.0,"DIV101_703":0.0,"DIV102_203":0.0,"DIV103_107":0.0,"DIV103_204":0.0,"DIV104_602":0.0,"OPR101_011":0.0,"OPR101_033":0.0,"OPR102_001":0.3802816901,"OPR102_003":0.0,"End":0.5211267606,"Outside":0.0845070423},"DIV103_107":{"URG101_003":0.0,"DIV101_603":0.0192307692,"DIV101_604":0.0,"DIV101_703":0.0,"DIV102_203":0.0,"DIV103_107":0.0,"DIV103_204":0.0,"DIV104_602":0.0,"OPR101_011":0.0,"OPR101_033":0.0,"OPR102_001":0.0769230769,"OPR102_003":0.0,"End":0.7884615385,"Outside":0.1153846154},"DIV103_204":{"URG101_003":0.0051020408,"DIV101_603":0.0,"DIV101_604":0.0,"DIV101_703":0.0102040816,"DIV102_203":0.0,"DIV103_107":0.0,"DIV103_204":0.0,"DIV104_602":0.1275510204,"OPR101_011":0.0,"OPR101_033":0.0459183673,"OPR102_001":0.0,"OPR102_003":0.3724489796,"End":0.3418367347,"Outside":0.0969387755},"DIV104_602":{"URG101_003":0.0082644628,"DIV101_603":0.0,"DIV101_604":0.0,"DIV101_703":0.0082644628,"DIV102_203":0.0,"DIV103_107":0.0,"DIV103_204":0.0,"DIV104_602":0.0,"OPR101_011":0.0082644628,"OPR101_033":0.0,"OPR102_001":0.0,"OPR102_003":0.1074380165,"End":0.7520661157,"Outside":0.1157024793},"OPR101_011":{"URG101_003":0.0172413793,"DIV101_603":0.0,"DIV101_604":0.0,"DIV101_703":0.0172413793,"DIV102_203":0.4827586207,"DIV103_107":0.0517241379,"DIV103_204":0.0,"DIV104_602":0.0172413793,"OPR101_011":0.0,"OPR101_033":0.0,"OPR102_001":0.0,"OPR102_003":0.0,"End":0.0,"Outside":0.4137931034},"OPR101_033":{"URG101_003":0.0211267606,"DIV101_603":0.0,"DIV101_604":0.0,"DIV101_703":0.1267605634,"DIV102_203":0.0,"DIV103_107":0.0,"DIV103_204":0.485915493,"DIV104_602":0.0774647887,"OPR101_011":0.0,"OPR101_033":0.0,"OPR102_001":0.0,"OPR102_003":0.0070422535,"End":0.0,"Outside":0.2816901408},"OPR102_001":{"URG101_003":0.0,"DIV101_603":0.0,"DIV101_604":0.0,"DIV101_703":0.0,"DIV102_203":0.0166666667,"DIV103_107":0.0166666667,"DIV103_204":0.0,"DIV104_602":0.0,"OPR101_011":0.95,"OPR101_033":0.0,"OPR102_001":0.0,"OPR102_003":0.0,"End":0.0,"Outside":0.0166666667},"OPR102_003":{"URG101_003":0.0065789474,"DIV101_603":0.0,"DIV101_604":0.0,"DIV101_703":0.0131578947,"DIV102_203":0.0,"DIV103_107":0.0,"DIV103_204":0.0986842105,"DIV104_602":0.0197368421,"OPR101_011":0.0,"OPR101_033":0.8289473684,"OPR102_001":0.0,"OPR102_003":0.0,"End":0.0,"Outside":0.0328947368},"End":{"URG101_003":0.9988465975,"DIV101_603":0.0,"DIV101_604":0.0,"DIV101_703":0.0,"DIV102_203":0.0,"DIV103_107":0.0,"DIV103_204":0.0,"DIV104_602":0.0,"OPR101_011":0.0,"OPR101_033":0.0,"OPR102_001":0.0,"OPR102_003":0.0,"End":0.0,"Outside":0.0},"Outside":{"URG101_003":0.0,"DIV101_603":0.0265486726,"DIV101_604":0.0243362832,"DIV101_703":0.0022123894,"DIV102_203":0.0088495575,"DIV103_107":0.0044247788,"DIV103_204":0.0287610619,"DIV104_602":0.0353982301,"OPR101_011":0.0,"OPR101_033":0.0132743363,"OPR102_001":0.0619469027,"OPR102_003":0.0818584071,"End":0.7123893805,"Outside":0.0}}