{"1": {"ruta": ["URG101_003", "DIV101_703", "Outside", "End"], "prob": 0.2696324}, "2": {"ruta": ["URG101_003", "DIV101_703", "End"], "prob": 0.26191748}, "3": {"ruta": ["URG101_003", "DIV101_703", "DIV104_602", "End"], "prob": 0.06008283}, "4": {"ruta": ["URG101_003", "DIV101_703", "DIV101_604", "End"], "prob": 0.0526017}, "5": {"ruta": ["URG101_003", "DIV101_703", "DIV101_603", "End"], "prob": 0.04611137}, "6": {"ruta": ["URG101_003", "DIV101_703", "DIV103_107", "End"], "prob": 0.04446374}, "7": {"ruta": ["URG101_003", "DIV101_703", "DIV103_204", "End"], "prob": 0.04254893}, "8": {"ruta": ["URG101_003", "DIV101_703", "DIV102_203", "End"], "prob": 0.02296662}, "9": {"ruta": ["URG101_003", "DIV101_703", "DIV103_204", "DIV104_602", "End"], "prob": 0.01161134}, "10": {"ruta": ["URG101_003", "DIV101_703", "DIV101_604", "Outside", "End"], "prob": 0.01052034}, "11": {"ruta": ["URG101_003", "DIV101_703", "Outside", "DIV104_602", "End"], "prob": 0.00972992}, "12": {"ruta": ["URG101_003", "DIV101_703", "DIV103_204", "Outside", "End"], "prob": 0.00832721}, "13": {"ruta": ["URG101_003", "DIV101_703", "DIV103_204", "OPR102_003", "OPR101_033", "Outside", "End"], "prob": 0.00790417}, "14": {"ruta": ["URG101_003", "DIV101_703", "Outside", "DIV101_603", "End"], "prob": 0.00788191}, "15": {"ruta": ["URG101_003", "DIV101_703", "Outside", "OPR102_001", "OPR101_011", "Outside", "End"], "prob": 0.00710262}, "16": {"ruta": ["URG101_003", "DIV101_703", "Outside", "DIV101_604", "End"], "prob": 0.00698016}, "17": {"ruta": ["URG101_003", "DIV101_703", "DIV104_602", "Outside", "End"], "prob": 0.00674638}, "18": {"ruta": ["URG101_003", "DIV101_703", "DIV101_603", "Outside", "End"], "prob": 0.00664618}, "19": {"ruta": ["URG101_003", "DIV101_703", "DIV103_204", "OPR102_003", "OPR101_033", "DIV103_204", "End"], "prob": 0.00623428}, "20": {"ruta": ["URG101_003", "DIV101_703", "OPR102_003", "OPR101_033", "Outside", "End"], "prob": 0.00572217}, "21": {"ruta": ["URG101_003", "DIV101_703", "Outside", "OPR102_001", "OPR101_011", "DIV102_203", "End"], "prob": 0.00523234}, "22": {"ruta": ["URG101_003", "DIV101_703", "Outside", "OPR102_003", "OPR101_033", "Outside", "End"], "prob": 0.00486496}, "23": {"ruta": ["URG101_003", "DIV101_703", "Outside", "OPR102_003", "OPR101_033", "DIV103_204", "End"], "prob": 0.00463118}, "24": {"ruta": ["URG101_003", "DIV101_703", "OPR102_003", "OPR101_033", "DIV103_204", "End"], "prob": 0.00451985}, "25": {"ruta": ["URG101_003", "DIV101_703", "DIV102_203", "OPR102_001", "OPR101_011", "Outside", "End"], "prob": 0.00427493}, "26": {"ruta": ["URG101_003", "DIV101_703", "DIV103_107", "Outside", "End"], "prob": 0.00413021}, "27": {"ruta": ["URG101_003", "DIV101_703", "DIV102_203", "OPR102_001", "OPR101_011", "DIV102_203", "End"], "prob": 0.00379623}, "28": {"ruta": ["URG101_003", "DIV101_703", "Outside", "DIV103_204", "End"], "prob": 0.00335092}, "29": {"ruta": ["URG101_003", "Outside", "End"], "prob": 0.00315054}, "30": {"ruta": ["URG101_003", "DIV101_703", "DIV102_203", "Outside", "End"], "prob": 0.00301694}, "31": {"ruta": ["URG101_003", "DIV101_703", "DIV103_204", "OPR102_003", "OPR101_033", "DIV104_602", "End"], "prob": 0.00194821}, "32": {"ruta": ["URG101_003", "DIV101_703", "DIV103_204", "OPR102_003", "OPR101_033", "DIV103_204", "DIV104_602", "End"], "prob": 0.00193708}, "33": {"ruta": ["URG101_003", "DIV101_703", "Outside", "DIV102_203", "End"], "prob": 0.00174782}, "34": {"ruta": ["URG101_003", "DIV101_703", "Outside", "DIV101_604", "Outside", "End"], "prob": 0.00164763}, "35": {"ruta": ["URG101_003", "DIV101_703", "OPR102_003", "OPR101_033", "DIV104_602", "End"], "prob": 0.0016031}, "36": {"ruta": ["URG101_003", "DIV101_703", "Outside", "OPR102_003", "OPR101_033", "DIV104_602", "End"], "prob": 0.00151404}, "37": {"ruta": ["URG101_003", "End"], "prob": 0.00136931}, "38": {"ruta": ["URG101_003", "DIV101_703", "DIV103_204", "OPR102_003", "OPR101_033", "DIV101_703", "Outside", "End"], "prob": 0.00133592}, "39": {"ruta": ["URG101_003", "DIV101_703", "Outside", "DIV103_107", "End"], "prob": 0.00132478}, "40": {"ruta": ["URG101_003", "DIV101_703", "Outside", "DIV101_603", "Outside", "End"], "prob": 0.00132478}, "41": {"ruta": ["URG101_003", "DIV101_703", "DIV103_204", "DIV104_602", "Outside", "End"], "prob": 0.00130252}, "42": {"ruta": ["URG101_003", "DIV101_703", "DIV103_204", "OPR102_003", "DIV103_204", "End"], "prob": 0.00129139}, "43": {"ruta": ["URG101_003", "DIV101_703", "Outside", "DIV104_602", "Outside", "End"], "prob": 0.00129139}, "44": {"ruta": ["URG101_003", "DIV101_703", "Outside", "OPR102_001", "OPR101_011", "DIV102_203", "OPR102_001", "OPR101_011", "Outside", "End"], "prob": 0.00126912}, "45": {"ruta": ["URG101_003", "DIV101_703", "DIV103_107", "OPR102_001", "OPR101_011", "Outside", "End"], "prob": 0.00125799}, "46": {"ruta": ["URG101_003", "DIV101_703", "DIV104_602", "OPR102_003", "OPR101_033", "Outside", "End"], "prob": 0.00125799}, "47": {"ruta": ["URG101_003", "DIV101_703", "OPR102_003", "OPR101_033", "DIV103_204", "DIV104_602", "End"], "prob": 0.00124686}, "48": {"ruta": ["URG101_003", "DIV101_703", "OPR102_003", "DIV103_204", "End"], "prob": 0.00119119}, "49": {"ruta": ["URG101_003", "DIV101_703", "DIV103_204", "OPR102_003", "OPR101_033", "DIV103_204", "Outside", "End"], "prob": 0.00118006}, "50": {"ruta": ["URG101_003", "DIV101_703", "DIV103_107", "OPR102_001", "OPR101_011", "DIV102_203", "End"], "prob": 0.0011244}, "51": {"ruta": ["URG101_003", "DIV101_703", "Outside", "DIV103_204", "DIV104_602", "End"], "prob": 0.00111326}, "52": {"ruta": ["URG101_003", "DIV101_703", "DIV104_602", "OPR102_003", "OPR101_033", "DIV103_204", "End"], "prob": 0.00110213}, "53": {"ruta": ["URG101_003", "DIV101_703", "DIV103_204", "OPR101_033", "Outside", "End"], "prob": 0.001091}, "54": {"ruta": ["URG101_003", "DIV101_703", "DIV103_204", "OPR102_003", "Outside", "End"], "prob": 0.00107987}, "55": {"ruta": ["URG101_003", "DIV101_703", "Outside", "OPR102_003", "OPR101_033", "DIV103_204", "DIV104_602", "End"], "prob": 0.0010576}, "56": {"ruta": ["URG101_003", "DIV101_703", "DIV103_204", "OPR102_003", "OPR101_033", "DIV103_204", "OPR102_003", "OPR101_033", "Outside", "End"], "prob": 0.00103533}, "57": {"ruta": ["URG101_003", "DIV104_602", "End"], "prob": 0.00101307}, "58": {"ruta": ["URG101_003", "DIV101_703", "Outside", "OPR102_003", "DIV103_204", "End"], "prob": 0.00097967}, "59": {"ruta": ["URG101_003", "DIV101_703", "OPR102_003", "OPR101_033", "DIV103_204", "Outside", "End"], "prob": 0.00097967}, "60": {"ruta": ["URG101_003", "DIV101_703", "DIV103_204", "OPR102_003", "OPR101_033", "DIV101_703", "End"], "prob": 0.00097967}, "61": {"ruta": ["URG101_003", "DIV101_703", "DIV103_107", "DIV101_603", "End"], "prob": 0.00094627}, "62": {"ruta": ["URG101_003", "DIV101_703", "Outside", "OPR102_003", "OPR101_033", "DIV101_703", "End"], "prob": 0.00093514}, "63": {"ruta": ["URG101_003", "DIV101_703", "OPR102_003", "OPR101_033", "DIV103_204", "OPR102_003", "OPR101_033", "Outside", "End"], "prob": 0.00092401}, "64": {"ruta": ["URG101_003", "DIV101_703", "Outside", "OPR102_003", "OPR101_033", "DIV103_204", "Outside", "End"], "prob": 0.00092401}, "65": {"ruta": ["URG101_003", "DIV101_703", "OPR102_003", "OPR101_033", "DIV101_703", "Outside", "End"], "prob": 0.00092401}, "66": {"ruta": ["URG101_003", "DIV101_703", "OPR102_003", "OPR101_033", "DIV101_703", "End"], "prob": 0.00091288}, "67": {"ruta": ["URG101_003", "DIV101_703", "DIV102_203", "OPR102_001", "OPR101_011", "DIV102_203", "OPR102_001", "OPR101_011", "Outside", "End"], "prob": 0.00089061}, "68": {"ruta": ["URG101_003", "DIV101_703", "DIV103_204", "OPR102_003", "OPR101_033", "DIV103_204", "OPR102_003", "OPR101_033", "DIV103_204", "End"], "prob": 0.00085721}, "69": {"ruta": ["URG101_003", "DIV101_703", "Outside", "OPR102_001", "OPR101_011", "DIV102_203", "OPR102_001", "OPR101_011", "DIV102_203", "End"], "prob": 0.00085721},