{"1": {"ruta": ["URG101_003", "DIV101_703", "Outside", "End"], "prob": 0.27243566}, "2": {"ruta": ["URG101_003", "DIV101_703", "End"], "prob": 0.25852804}, "3": {"ruta": ["URG101_003", "DIV101_703", "DIV104_602", "End"], "prob": 0.05955887}, "4": {"ruta": ["URG101_003", "DIV101_703", "DIV101_604", "End"], "prob": 0.05250818}, "5": {"ruta": ["URG101_003", "DIV101_703", "DIV101_603", "End"], "prob": 0.04548965}, "6": {"ruta": ["URG101_003", "DIV101_703", "DIV103_107", "End"], "prob": 0.04383162}, "7": {"ruta": ["URG101_003", "DIV101_703", "DIV103_204", "End"], "prob": 0.04198707}, "8": {"ruta": ["URG101_003", "DIV101_703", "DIV102_203", "End"], "prob": 0.02319194}, "9": {"ruta": ["URG101_003", "DIV101_703", "DIV103_204", "DIV104_602", "End"], "prob": 0.01171338}, "10": {"ruta": ["URG101_003", "DIV101_703", "DIV101_604", "Outside", "End"], "prob": 0.01023164}, "11": {"ruta": ["URG101_003", "DIV101_703", "Outside", "DIV104_602", "End"], "prob": 0.01013994}, "12": {"ruta": ["URG101_003", "DIV101_703", "DIV103_204", "Outside", "End"], "prob": 0.00852631}, "13": {"ruta": ["URG101_003", "DIV101_703", "Outside", "DIV101_603", "End"], "prob": 0.00808215}, "14": {"ruta": ["URG101_003", "DIV101_703", "DIV103_204", "OPR102_003", "OPR101_033", "Outside", "End"], "prob": 0.00756386}, "15": {"ruta": ["URG101_003", "DIV101_703", "Outside", "DIV101_604", "End"], "prob": 0.00731434}, "16": {"ruta": ["URG101_003", "DIV101_703", "DIV101_603", "Outside", "End"], "prob": 0.00674308}, "17": {"ruta": ["URG101_003", "DIV101_703", "Outside", "OPR102_001", "OPR101_011", "Outside", "End"], "prob": 0.00664982}, "18": {"ruta": ["URG101_003", "DIV101_703", "DIV104_602", "Outside", "End"], "prob": 0.00650024}, "19": {"ruta": ["URG101_003", "DIV101_703", "DIV103_204", "OPR102_003", "OPR101_033", "DIV103_204", "End"], "prob": 0.00631149}, "20": {"ruta": ["URG101_003", "DIV101_703", "Outside", "OPR102_001", "OPR101_011", "DIV102_203", "End"], "prob": 0.00571919}, "21": {"ruta": ["URG101_003", "DIV101_703", "OPR102_003", "OPR101_033", "Outside", "End"], "prob": 0.00555047}, "22": {"ruta": ["URG101_003", "DIV101_703", "Outside", "OPR102_003", "OPR101_033", "Outside", "End"], "prob": 0.00521726}, "23": {"ruta": ["URG101_003", "DIV101_703", "DIV102_203", "OPR102_001", "OPR101_011", "Outside", "End"], "prob": 0.00471734}, "24": {"ruta": ["URG101_003", "DIV101_703", "OPR102_003", "OPR101_033", "DIV103_204", "End"], "prob": 0.00463432}, "25": {"ruta": ["URG101_003", "DIV101_703", "DIV103_107", "Outside", "End"], "prob": 0.00455374}, "26": {"ruta": ["URG101_003", "DIV101_703", "Outside", "OPR102_003", "OPR101_033", "DIV103_204", "End"], "prob": 0.00435297}, "27": {"ruta": ["URG101_003", "DIV101_703", "DIV102_203", "OPR102_001", "OPR101_011", "DIV102_203", "End"], "prob": 0.00403434}, "28": {"ruta": ["URG101_003", "DIV101_703", "Outside", "DIV103_204", "End"], "prob": 0.00377236}, "29": {"ruta": ["URG101_003", "Outside", "End"], "prob": 0.00361666}, "30": {"ruta": ["URG101_003", "DIV101_703", "DIV102_203", "Outside", "End"], "prob": 0.0026916}, "31": {"ruta": ["URG101_003", "DIV101_703", "DIV103_204", "OPR102_003", "OPR101_033", "DIV104_602", "End"], "prob": 0.00222239}, "32": {"ruta": ["URG101_003", "DIV101_703", "Outside", "DIV102_203", "End"], "prob": 0.00176342}, "33": {"ruta": ["URG101_003", "DIV101_703", "DIV103_204", "OPR102_003", "OPR101_033", "DIV103_204", "DIV104_602", "End"], "prob": 0.00174261}, "34": {"ruta": ["URG101_003", "DIV101_703", "OPR102_003", "OPR101_033", "DIV104_602", "End"], "prob": 0.00161029}, "35": {"ruta": ["URG101_003", "DIV101_703", "DIV103_204", "OPR102_003", "DIV103_204", "End"], "prob": 0.00153494}, "36": {"ruta": ["URG101_003", "DIV101_703", "Outside", "OPR102_003", "OPR101_033", "DIV104_602", "End"], "prob": 0.00150022}, "37": {"ruta": ["URG101_003", "DIV101_703", "Outside", "DIV101_604", "Outside", "End"], "prob": 0.00142565}, "38": {"ruta": ["URG101_003", "DIV101_703", "DIV104_602", "OPR102_003", "OPR101_033", "Outside", "End"], "prob": 0.00141486}, "39": {"ruta": ["URG101_003", "DIV101_703", "Outside", "DIV103_107", "End"], "prob": 0.00133729}, "40": {"ruta": ["URG101_003", "DIV101_703", "OPR102_003", "OPR101_033", "DIV103_204", "DIV104_602", "End"], "prob": 0.00131024}, "41": {"ruta": ["URG101_003", "DIV101_703", "DIV103_204", "DIV104_602", "Outside", "End"], "prob": 0.00129244}, "42": {"ruta": ["URG101_003", "End"], "prob": 0.00127151}, "43": {"ruta": ["URG101_003", "DIV101_703", "DIV103_204", "OPR102_003", "OPR101_033", "DIV103_204", "Outside", "End"], "prob": 0.00126929}, "44": {"ruta": ["URG101_003", "DIV101_703", "Outside", "DIV101_603", "Outside", "End"], "prob": 0.00121609}, "45": {"ruta": ["URG101_003", "DIV101_703", "Outside", "OPR102_003", "OPR101_033", "DIV103_204", "DIV104_602", "End"], "prob": 0.00120073}, "46": {"ruta": ["URG101_003", "DIV101_703", "DIV103_204", "OPR102_003", "OPR101_033", "DIV101_703", "Outside", "End"], "prob": 0.00119105}, "47": {"ruta": ["URG101_003", "DIV101_703", "DIV103_107", "OPR102_001", "OPR101_011", "Outside", "End"], "prob": 0.00118916}, "48": {"ruta": ["URG101_003", "DIV101_703", "DIV103_204", "OPR102_003", "OPR101_033", "DIV103_204", "OPR102_003", "OPR101_033", "Outside", "End"], "prob": 0.00115454}, "49": {"ruta": ["URG101_003", "DIV101_703", "DIV104_602", "OPR102_003", "OPR101_033", "DIV103_204", "End"], "prob": 0.00114887}, "50": {"ruta": ["URG101_003", "DIV101_703", "Outside", "OPR102_001", "OPR101_011", "DIV102_203", "OPR102_001", "OPR101_011", "Outside", "End"], "prob": 0.00113652}, "51": {"ruta": ["URG101_003", "DIV101_703", "DIV103_204", "OPR101_033", "Outside", "End"], "prob": 0.00113596}, "52": {"ruta": ["URG101_003", "DIV101_703", "Outside", "DIV104_602", "Outside", "End"], "prob": 0.00113574}, "53": {"ruta": ["URG101_003", "DIV101_703", "OPR102_003", "DIV103_204", "End"], "prob": 0.00112872}, "54": {"ruta": ["URG101_003", "DIV101_703", "DIV103_204", "OPR102_003", "OPR101_033", "DIV101_703", "End"], "prob": 0.00111882}, "55": {"ruta": ["URG101_003", "DIV101_703", "Outside", "DIV103_204", "DIV104_602", "End"], "prob": 0.00106462}, "56": {"ruta": ["URG101_003", "DIV101_703", "DIV103_204", "OPR102_003", "Outside", "End"], "prob": 0.00106317}, "57": {"ruta": ["URG101_003", "DIV101_703", "Outside", "OPR102_003", "DIV103_204", "End"], "prob": 0.00105015}, "58": {"ruta": ["URG101_003", "DIV101_703", "Outside", "OPR101_033", "Outside", "End"], "prob": 0.00102289}, "59": {"ruta": ["URG101_003", "DIV101_703", "DIV103_107", "OPR102_001", "OPR101_011", "DIV102_203", "End"], "prob": 0.00100842}, "60": {"ruta": ["URG101_003", "DIV101_703", "Outside", "OPR102_001", "OPR101_011", "DIV102_203", "OPR102_001", "OPR101_011", "DIV102_203", "End"], "prob": 0.0010073}, "61": {"ruta": ["URG101_003", "DIV104_602", "End"], "prob": 0.000956}, "62": {"ruta": ["URG101_003", "DIV101_703", "DIV103_204", "OPR102_003", "OPR101_033", "DIV103_204", "OPR102_003", "OPR101_033", "DIV103_204", "End"], "prob": 0.00093274}, "63": {"ruta": ["URG101_003", "DIV101_703", "DIV103_204", "OPR101_033", "DIV103_204", "End"], "prob": 0.00092985}, "64": {"ruta": ["URG101_003", "DIV101_703", "Outside", "OPR102_001", "OPR101_011", "DIV103_107", "End"], "prob": 0.0009225}, "65": {"ruta": ["URG101_003", "DIV101_703", "OPR102_003", "OPR101_033", "DIV103_204", "Outside", "End"], "prob": 0.00091538}, "66": {"ruta": ["URG101_003", "DIV101_703", "DIV103_107", "DIV101_603", "End"], "prob": 0.00087042}, "67": {"ruta": ["URG101_003", "DIV101_703", "Outside", "OPR102_003", "OPR101_033", "DIV103_204", "Outside", "End"], "prob": 0.00086329}, "68": {"ruta": ["URG101_003", "DIV101_703", "OPR102_003", "OPR101_033", "DIV101_703", "Outside", "End"], "prob": 0.00085606}, "69": {"ruta": ["URG101_003", "DIV101_703", "Outside", "OPR101_033", "DIV103_204", "End"], "prob": 0.00084371}, "70": {"ruta": ["URG101_003", "DIV101_703", "DIV102_203", "OPR102_001", "OPR101_011", "DIV102_203", "OPR102_001", "OPR101_011", "Outside", "End"], "prob": 0.00082278},